{"accuracy_EC_values": [0.9968, 0.9876, 0.9869333333333333, 0.9918, 0.9976, 0.9884, 0.9907333333333334, 0.9872666666666666, 0.9512666666666667, 0.9516666666666667], "accuracy_MEC_values": [0.9968, 0.9876, 0.5135333333333333, 0.48586666666666667, 0.5191333333333333, 0.33293333333333336, 0.9907333333333334, 0.9872666666666666, 0.9512666666666667, 0.9516666666666667]}